Position,Players,PPG,RPG,APG,SPG,BPG,FGM,FGA,FG %,2PM,2PA,2PT%,3PM,3PA,3PT %,FTM,Scoring Rating,Rebound Rating,Assist Rating,Steal Rating,Block Rating,Efficiency Rating,2-Pointer Rating,3-Poimter Rating,Overall Rating
PF,Giannis Antetokounmpo,32.3,9.5,7.8,3.6,3.8,13.9,15.6,89.13%,10.2,11.1,92.06%,3.7,4.5,81.89%,2.4,30.44,27.29,28.26,31.14,23.83,26.73,29.4,25.1,111.1
SG,Michael Jordan,35.2,5.2,8.3,3.4,1.3,14.3,16.3,87.64%,10.4,11.4,90.91%,3.9,4.9,80.07%,2.3,32.33,18.98,23.84,21.14,11.3,27.52,36.8,18.81,95.35
SF,Larry Bird,30,7.4,8.9,0.6,2.1,10.9,12,90.99%,3.8,3.8,98.90%,7.2,8.2,87.34%,0.7,26.96,24.1,28.91,4.38,15.78,21.03,11.59,44.84,88.8
SF,Kevin Durant,34.8,7,6,1.3,1.3,13.8,15.7,87.50%,8.7,9.8,88.17%,5.1,5.9,86.39%,2,31.58,22.7,19.39,10.08,10.08,26.48,23.89,31.46,87.83
C,David Robinson,27.3,12.6,5.3,1.4,3.6,11.7,13.1,89.62%,9.6,10.1,95.74%,2.1,3,69.05%,1.8,25.58,31.61,21,13.57,18.04,22.53,28.85,13.62,87.4
SF,Kawhi Leonard,29.9,6.1,5.2,2.6,1.6,12.6,14.3,88.08%,7.7,8.6,90.21%,4.8,5.7,84.86%,1.6,27.12,19.96,16.77,19.65,11.85,24.15,21.82,29.22,85.27
SF,LeBron James,28,6.9,9.1,1.5,1.5,11.4,13.1,86.56%,7.8,8.7,90.46%,3.5,4.5,78.99%,1.9,25.48,22.43,29.58,11.06,11.25,21.83,22.12,19.89,81.81
PG,James Harden,28.5,5.2,11.3,2.3,1.1,10.8,12.5,86.52%,6.1,6.7,91.04%,4.7,5.8,82.03%,2.5,26.65,20.8,28.25,11.5,11,20.77,21.69,22.95,81.81
PF,Evan Mobley,25.8,9.2,5.4,0.6,3.6,10.5,12.2,85.77%,7.2,8,90.33%,3.3,4.2,77.22%,1.7,23.23,26.58,19.55,4.88,22.64,20.15,20.31,21.1,79.22
PF,Kevin Garnett,24.4,9.6,4.7,1.7,2.7,10.9,11.7,93.57%,9.7,10.2,95.70%,1.2,1.5,79.17%,1.5,23.71,27.49,16.92,14.77,16.67,20.99,29.1,7.83,78.74
C,Nikola Jokic,18,12.3,10.2,0.6,3.1,7.5,8.9,84.62%,6.5,7.3,88.37%,1,1.5,66.67%,1.7,16.63,30.73,40.88,5.85,15.73,14.45,17.92,6.5,74.34
C,Shaquille O'Neal,24.3,10.5,3.8,0.8,3.5,10.9,11.7,92.88%,10.2,10.7,95.13%,0.7,1,69.39%,1.9,23.93,26.15,15.08,8.33,17.71,20.91,30.22,4.68,73.51
SG,John Havlicek,20.2,5.6,8.4,4,0.8,7.8,8.7,90.05%,3.7,3.8,95.73%,4.1,4.8,85.58%,0.6,18.05,20.32,24.27,24.85,6.92,14.98,13.65,21.09,72.07
PG,LaMelo Ball,20.5,4.3,10.8,5,0.7,7.6,8.6,89.24%,3.4,3.7,93.09%,4.2,4.9,86.35%,0.9,18.6,17.33,27.01,24.8,7.06,14.71,12.48,21.67,71.83
C,Karl-Anthony Towns,23.9,9.2,4.1,1.1,2.5,9.6,11.8,81.28%,6,6.7,89.55%,3.6,5.1,70.30%,1.2,20,23,16.2,10.5,12.5,18.37,16.79,23.77,70.56
PF,Zion Williamson,25.2,7,3.7,0.5,2,10.3,10.8,95.35%,7.2,7.4,97.30%,3.1,3.4,90.84%,1.7,25.05,20.13,13.41,4.38,12.5,19.81,21.89,23.47,70.32
C,Hakeem Olajuwon,20.3,9.9,5.9,0.6,4,9,10,90.00%,8.3,8.8,94.21%,0.7,1.2,59.38%,2,19.94,24.81,23.77,5.85,19.81,17.31,24.38,4.05,69.97
C,Dwight Howard,23,10.5,5.3,0.5,3.6,9.9,12,82.18%,8.9,10.3,86.41%,1,1.7,59.76%,1.5,19.91,26.25,21.2,5,18,19.04,24.03,5.69,69.56
SG,Paul George,27.7,5.1,4.8,2.4,1,10.7,13.1,81.49%,5.5,6.5,85.24%,5.2,6.6,77.81%,0.9,22.7,18.41,13.87,14.71,8.75,20.59,14.78,23.88,68.84
C,Joel Embiid,22.8,9.3,3.7,0.6,2.9,10.2,11.3,90.58%,8.4,8.6,97.67%,1.8,2.7,66.27%,1.3,21.33,23.25,14.8,6,14.5,19.62,25.64,11.36,68.25
C,Wilt Chamberlain,18.8,11,4.5,0.6,4.5,8.6,9.1,94.74%,8.2,8.6,95.62%,0.4,0.5,80.77%,1,18.28,27.45,18,5.83,22.4,16.59,24.47,3.37,68.19
SG,Dwyane Wade,26.1,4.5,6.2,1.9,1.1,10.3,12,85.90%,5.7,6.5,88.18%,4.6,5.5,83.21%,0.7,22.32,16.35,17.87,12.01,9.44,19.76,15.72,22.63,68.05
PF,Dirk Nowitzki,22.1,8.5,3.8,0.4,2.9,9.6,10.8,88.57%,6.9,7.3,94.62%,2.7,3.5,75.98%,0.9,19.79,24.41,13.86,3.77,18.38,18.4,20.41,16.88,67.95
SF,George Gervin,27.4,5.7,4.2,0.7,1.1,11.2,13.4,83.11%,6.6,7.4,90.02%,4.5,6.1,74.73%,1.9,24.09,20.66,11.98,4.06,9.92,21.44,23.27,20.16,67.79
PF,Danny Granger,21.4,7.2,4.3,1.1,1.8,8.1,8.9,90.96%,3.8,3.9,96.15%,4.3,5,86.87%,0.3,18.84,20.7,15.59,9.19,11.25,15.48,11.27,31.13,66.72
PF,Ben Simmons,16.8,6.8,10.9,1.1,1.5,6.6,7.9,82.61%,4.8,5.4,88.89%,1.8,2.5,70.50%,1.1,14.62,19.55,39.51,9.63,9.38,12.69,16.67,10.58,66.31
PG,Kyrie Irving,27.5,2.7,4.3,4,0.5,10.6,12.2,86.85%,5.3,5.8,91.86%,5.3,6.4,82.30%,1.1,24.12,10.84,10.72,20.13,5.26,20.39,15.33,25.78,66.3
PF,Grant Hill,21,4.7,5.1,2.1,1.9,8.6,9.6,90.00%,6.4,6.8,94.27%,2.2,2.7,79.37%,1.3,19.7,13.63,18.6,18.26,11.68,16.56,18.96,14.38,65.88
PG,Penny Hardaway,14.8,4.9,9.8,5,0.9,5.9,6.9,84.81%,3.1,3.5,88.73%,2.8,3.4,80.85%,0.4,12.4,19.51,24.39,25,9.02,11.26,8.52,13.38,61.74
C,Ralph Samson,13.4,11.6,5.3,0.3,4.8,6.3,6.7,94.20%,5.9,6,98.11%,0.4,0.6,57.14%,1,13.32,28.98,21.09,3.18,23.86,12.06,18.12,1.98,61.3
SF,Carmelo Anthony,25.3,4.2,3.7,1.3,0.5,10.3,12,85.66%,6.2,6.7,91.94%,4.1,5.2,77.59%,1.1,22.1,13.57,11.87,9.78,3.59,19.73,17.8,22.53,60.48
SG,Luka Doncic,21.3,4,8.3,1.8,0.5,8,9.2,86.89%,3.7,3.8,97.37%,4.3,5.4,80.05%,1.1,19.03,16,20.75,9,5,15.38,14.07,20.49,59.87
PF,Anthony Davis,20.3,7.6,3.9,0.4,2.1,8.5,10.1,83.97%,5.8,6.7,87.24%,2.7,3.4,78.21%,0.8,17.2,21.85,14.14,3.5,13.13,16.35,15.84,17.53,59.77
C,Deandre Ayton,17,9.3,3.3,1.1,3.2,7.3,8.4,86.78%,5.9,6.4,92.39%,1.4,2,68.97%,0.4,14.58,23.26,13.12,10.7,16.16,14.09,17.12,9.16,59.09
PG,Chris Paul,15,2.7,10.9,4.7,0.5,5.8,6.3,91.13%,2.9,3,94.87%,2.9,3.3,87.68%,0.6,13.81,10.69,27.19,23.59,5,11.12,8.57,15.09,57.52
C,Pau Gasol,16.4,10.4,4.8,0.1,4.1,6.1,6.9,88.59%,5.1,5.3,96.23%,1,1.6,63.33%,0.8,14.86,26,19.2,1,20.5,11.73,15.34,6.03,57.33
PG,John Wall,16.4,2.77,9.42,4.26,0.77,6.53,7.56,86.46%,3.8,4,94.25%,2.7,3.5,77.48%,0.65,14.34,11.07,23.55,21.28,7.67,12.57,11.23,12.55,57.13
SF,Elgin Baylor,23.2,3.3,4.1,1.4,0.4,9.1,10.8,84.63%,4.8,5.5,87.27%,4.3,5.3,79.60%,0.9,19.86,10.73,13.33,10.5,3,17.5,13.09,24.45,56.22
SG,Devin Booker,20.9,2.7,4.8,2.5,0.8,8.3,9.6,86.12%,4.3,4.8,89.31%,4,4.8,82.91%,0.4,17.7,9.67,13.77,15.53,7.42,15.91,12.01,19.59,55.8
SG,Anthony Edwards,20.4,4.7,4,1.7,0.7,8.9,10.4,85.58%,6,6.9,86.96%,2.9,3.5,82.86%,0.5,17.28,17.04,11.5,10.63,6.13,17.12,16.3,14.3,55.15
PF,Bol Bol,17.8,6.9,3.7,0.8,1.8,7.4,8.6,85.81%,5.1,5.4,92.86%,2.3,3.2,73.68%,0.6,15.34,19.73,13.29,6.81,11.28,14.21,14.67,14.33,54.83
PG,Jason Kidd,11.3,5.3,7.9,4.9,0.6,4.3,5.2,81.41%,1.8,2.1,88.46%,2.4,3.2,76.86%,0.3,9.16,21.05,19.74,24.61,5.53,8.2,5.02,11.2,52.25
SG,Allen Iverson,19.3,2.4,5,3.1,0.3,7.6,9.5,80.08%,4.2,4.9,85.71%,3.4,4.6,73.08%,0.6,15.5,8.7,14.38,19.38,2.63,14.62,14.06,14.79,52.02
SG,Jalen Green,21.3,3.5,3.8,1.7,0.5,8,9.5,83.50%,3.3,3.8,85.51%,4.7,5.7,82.14%,0.7,17.89,12.62,10.86,10.65,4.38,15.31,8.76,22.91,51.69
PF,Jonathan Isaac,11.1,6.9,4.1,1.4,3.3,5,5.9,84.36%,4.1,4.6,89.89%,0.9,1.3,65.45%,0.3,9.4,19.7,14.85,12.38,20.88,9.62,11.58,4.79,51.6
PF,LaMarcus Aldridge,17.5,7.2,3,0.5,1.9,7.3,8.8,82.81%,5.6,6.2,90.32%,1.7,2.6,64.62%,1.2,15.33,20.7,10.88,4.38,11.88,14.04,15.81,9.15,51.08
SG,Reggie Miller,19.5,1.9,5.2,2.8,0.4,7.1,9,80.59%,2.1,2.7,79.40%,5,6.3,78.65%,0.4,15.43,6.89,14.95,17.5,3.5,13.65,6.58,23.31,50.91
PF,Boris Diaw,16.1,5.3,4.5,0.5,1.3,6.3,7.4,84.75%,2.8,2.8,99.26%,3.5,4.6,75.80%,0.4,13.48,15.15,16.46,4.56,8.07,12.02,8.66,21.84,50.13
C,DeMarcus Cousins,16,7.1,3.1,0.8,1.3,7,7.9,88.76%,5.4,5.8,92.88%,1.6,2.1,77.06%,0.7,14.49,17.78,12.45,7.74,6.42,13.46,15.72,11.63,49.84
C,DeAndre Jordan,15,9.6,2,0.2,3.3,6.9,7.7,90.00%,6.5,6.9,94.20%,0.4,0.8,56.52%,0.7,13.76,24,8,2,16.5,13.27,19.13,2.15,49.41
SF,Richard Jefferson,19.4,3.4,3.2,1,0.7,7.4,9,85.43%,3.1,3.9,81.56%,4.3,5.2,82.64%,0.4,16.29,11.05,10.4,7.5,5.25,14.23,8,25.15,48.93
C,Nicolas Batum,10.4,5.9,5.6,1,2.6,4.3,4.8,89.02%,2.8,2.9,96.12%,1.5,1.9,78.57%,0.3,9.16,14.65,22.56,10,13.19,8.23,8.26,11.43,48.74
PG,Derrick Rose,16.4,2.9,6.1,2.6,0.5,6.4,7.6,83.73%,4.2,4.7,89.36%,2.2,2.9,75.00%,1.2,14.6,11.6,15.25,13,5,12.31,14.66,9.82,48.12
PG,Russell Westbrook,14.1,3.2,7.8,2.9,0.4,5.7,7,80.95%,3.5,3.8,92.11%,2.2,3.2,70.19%,0.5,11.52,12.8,19.5,14.5,4,10.96,12.59,9.19,47.53
SF,Jalen Johnson,17.4,4.3,3.7,0.8,0.9,6.7,7.9,84.75%,3.4,3.8,89.36%,3.3,4.1,80.40%,0.8,15.13,13.86,12.01,5.82,6.43,12.87,9.57,18.75,47.22
C,Rudy Gobert,11.8,8.8,3.2,0.4,3.6,5.4,6.1,88.31%,5,5.4,93.31%,0.4,0.8,53.66%,0.7,10.89,22.12,12.75,3.58,17.83,10.41,14.58,2.12,47.15
PF,Jonathan Kuminga,15.4,4.9,4.1,0.7,0.9,6.1,7.1,85.90%,3.5,4,87.50%,2.6,3.1,83.09%,0.8,13.62,14.09,14.86,6.13,5.63,11.73,9.57,18,46.81
PG,Isiah Thomas,10.8,2.8,10.2,3.6,0.4,4.1,4.8,83.70%,2.1,2.3,91.01%,1.9,2.5,76.84%,0.3,9.02,11.16,25.53,18.03,3.95,7.79,7.58,8.79,45.92
SG,Jaylen Brown,19.6,2.5,3.2,1,0.4,7.1,8.1,87.59%,1.9,2,92.23%,5.2,6,86.04%,0.3,16.67,9.1,9.19,6.25,3.26,13.57,6.71,26.61,45.68
SF,Jimmy Butler,17.1,3.7,4.3,0.7,0.5,6.8,8.1,84.15%,3.7,4.2,88.89%,3.1,3.9,79.04%,0.4,14.26,11.94,13.83,5.06,3.84,13.06,10.34,17.33,44.83
PF,Andrei Kirilenko,15.3,5.2,4.2,0.6,1.2,6.5,8.7,75.09%,4.7,6.3,74.60%,1.8,2.4,75.64%,0.6,11.71,14.95,15.23,5.25,7.5,12.5,10.96,11.35,44.72
SG,J.R Smith,17.5,3.2,4,0.8,0.5,6.4,7.3,87.75%,2.4,2.5,94.26%,4,4.8,84.28%,0.4,15.13,11.48,11.5,5.08,4.74,12.34,8.82,20.17,44.63
SF,Robert Covington,17.3,3.4,3.3,0.5,0.8,6.5,7.5,86.70%,3,3.3,90.91%,3.5,4.2,82.08%,0.8,15.31,11.05,10.73,3.75,6,12.5,8.52,20.52,44.19
C,Zydrunas Ilgauskas,11.6,7.1,3.4,0.6,1.9,5,5.5,91.11%,3.7,3.7,100.00%,1.3,1.8,75.86%,0.4,10.58,17.75,13.6,6,9.5,9.62,11.56,9.39,44
C,Yao Ming,13.7,7.3,3.3,0.3,1.8,6.3,7,89.59%,6,6.5,91.71%,0.3,0.5,68.18%,0.8,12.69,18.25,13.2,3,9,12.12,17.11,2.14,43.75
PF,Antawn Jamison,15.3,4.3,2.9,0.2,1.2,6,7,86.04%,2.6,2.9,89.66%,3.4,4.1,82.05%,0.3,12.94,12.36,10.51,1.75,7.5,11.54,7.28,23.25,43.57
PG,Walt Frazier,17,2.4,7.2,1.7,0.2,6.6,9,73.47%,4.1,5.9,69.70%,2.5,3.1,80.57%,1.1,13.24,9.6,18,8.5,2,12.69,11.27,11.8,43.55
PF,Bobby Portis,11.6,6.9,3.1,0.3,2.5,4.7,5.8,82.05%,3.1,3.4,92.31%,1.6,2.4,67.69%,0.4,9.6,19.7,11.28,2.59,15.74,9.12,8.97,9.19,43.1
PG,Jerry West,11.1,2.9,9.8,2.6,0.2,4.2,5.1,82.24%,2,2.2,90.91%,2.2,2.9,75.86%,0.6,9.46,11.6,24.5,13,2,8.08,7.1,9.93,42.84
PF,Brook Lopez,12.5,6.6,2.6,0.3,2.4,5.1,6,84.65%,3.6,4,90.21%,1.5,2,73.61%,0.6,10.84,18.93,9.47,2.43,15.1,9.72,10.1,9.03,42.81
PF,Blake Griffin,12.8,6.7,3.5,0.4,1.5,5.7,7,79.61%,4.7,5.7,81.33%,1,1.3,81.54%,0.4,10.21,19.26,12.69,3.5,9.38,10.96,11.84,7.07,42.45
PF,Tobias Harris,12.7,4.3,3,1.2,1,5,5.5,90.40%,2.9,3.1,94.55%,2.1,2.4,85.23%,0.3,11.34,12.38,10.98,10.69,6.25,9.56,8.54,14.8,42.27
PG,Ayo Dosunmu,9.3,3.5,5.9,3.8,0.6,3.4,3.9,87.60%,1.4,1.4,97.87%,2,2.5,81.71%,0.1,7.93,14.06,14.7,19.24,5.76,6.59,5.33,9.87,41.74
PG,Rajon Rondo,7.4,2.9,7.6,4.5,0.6,2.8,3.2,88.76%,1.4,1.5,93.33%,1.4,1.7,82.98%,0.3,6.64,11.6,19,22.5,6,5.38,5.1,6.92,41.57
PG,Gilbert Arenas,14.2,2.2,5.3,3,0.3,5.5,7.2,76.38%,2.3,2.7,85.19%,3.2,4.5,71.50%,0.4,10.85,8.8,13.25,15,3,10.58,7.65,13.62,41.37
SF,Scottie Pippen,12.3,4.5,5.4,0.7,0.8,4.8,5.5,87.80%,2.9,3.2,91.22%,1.9,2.3,83.02%,0.5,10.86,14.63,17.45,5.05,5.71,9.32,8.37,11.34,41.36
SF,Michael Beasley,12.3,3.7,5.4,1,0.7,5.1,6,87.10%,4,4.5,87.64%,1.1,1.5,76.60%,0.8,11.24,12.03,17.55,7.5,5.25,9.81,10.87,6.18,40.21
PF,Julius Randle,10.4,3.9,4.9,1.1,0.9,4.4,5,88.27%,3.2,3.3,95.51%,1.2,1.7,72.82%,0.5,9.36,11.21,17.76,9.63,5.63,8.46,9.52,7.34,39.45
PF,Kevin McHale,12.9,5.8,2.9,0.3,1.3,6,6.9,87.31%,5.7,6.5,87.69%,0.3,0.4,70.83%,0.6,11.5,16.68,10.51,2.63,8.13,11.54,15.62,1.77,39.18
SG,Lonnie Walker IV,15.3,1.7,3.3,1.2,0.4,5.7,6.3,90.51%,2.2,2.4,91.67%,3.5,3.9,90.26%,0.4,13.71,6.16,9.49,7.5,3.5,10.96,7.88,18.8,39
SF,Jeff Green,13.3,4.2,3.6,0.5,0.7,5.1,5.9,86.82%,2.9,2.9,100.00%,2.2,3,73.89%,0.9,12.09,13.8,11.77,4.1,5.38,9.8,9.08,11.55,38.78
SF,Jayson Tatum,14.6,4.2,2.5,0.7,0.9,6.1,8,74.71%,4.1,5.6,74.23%,2,2.5,80.89%,0.5,10.97,13.65,8.13,5.25,6.75,11.73,9.56,11.44,38.74
PF,Draymond Green,8.6,3.6,6.3,0.8,1.4,3.4,4.4,76.06%,1.9,2.5,76.00%,1.5,1.9,80.00%,0.4,6.74,10.35,22.84,7,8.75,6.54,4.51,10,38.37
PG,Tre Mann,10.9,2.9,5,2.9,0.2,4.1,4.9,84.67%,1.2,1.6,75.00%,2.9,3.3,87.91%,0.3,9.18,11.6,12.5,14.5,2,7.88,3.52,15.17,38.18
SG,Tracy McGrady,15.4,2.5,3.7,0.8,0.5,6.2,8,82.60%,3.8,4.9,78.69%,2.4,3.1,75.73%,0.5,12.81,9.06,10.64,5,4.38,11.92,11.8,10.64,38.13
SF,Julius Erving,15,2.3,2.9,1.1,0.4,6,7,83.91%,3.5,3.6,94.78%,2.6,3.4,75.68%,0.4,12.45,7.48,9.43,8.25,3,11.54,10.22,13.78,38.07
PG,Isaiah Thomas,13.6,2.1,5,2.4,0.3,5,6.3,79.33%,2.8,2.9,96.55%,2.2,3.4,64.20%,0.9,11.42,8.4,12.5,12,3,9.62,10.56,8.41,37.95
PF,Chris Bosh,11.6,5.9,2.2,0.3,1.5,4.9,5.7,85.09%,3.1,3.3,93.94%,1.8,2.4,72.92%,0.5,10.04,16.96,7.79,2.63,9.38,9.33,9.1,10.63,37.93
SF,Rudy Gay,13.9,4.4,4,0.3,0.3,5.7,7,82.73%,3.8,4.7,80.30%,1.9,2.3,83.56%,0.6,11.76,14.3,13,2.25,2.25,10.96,9.51,11.4,37.72
PG,Jalen Suggs,13.2,2,4.6,2.4,0.4,4.9,5.8,83.21%,1.8,2.1,84.31%,3.1,3.7,82.58%,0.2,10.73,7.83,11.56,11.88,3.54,9.33,4.72,15.05,37.33
PG,Andre Miller,6.9,3.5,7.3,2.4,0.7,2.8,3,89.88%,2.2,2.3,95.71%,0.6,0.7,86.11%,0.4,6.42,14,18.25,12,7,5.38,8.34,2.92,37.16
SG,Rudy Fernandez,14.9,1.7,3.4,1.1,0.4,5.4,6.2,86.64%,1.7,1.9,89.47%,3.7,4.3,86.55%,0.2,12.57,6.16,9.78,6.88,3.5,10.38,5.94,19.06,37.13
PG,Gary Payton,8.1,2.3,5.5,3.1,1.1,3.2,4,81.08%,1.6,1.9,86.79%,1.6,2.1,75.86%,0.2,6.47,9,13.84,15.71,11.43,6.18,4.46,7.1,37.09
PF,Dino Radja,12.3,6.1,2.7,0.5,1.3,4.3,5,86.00%,3.2,3.3,96.97%,1.1,1.7,66.67%,1.1,11.47,15.25,10.8,5,6.5,8.27,9.7,6.98,36.98
C,Dikembe Mutombo,9.5,7.4,3.1,0.3,2,4.5,5,87.08%,4.5,4.9,90.28%,0,0.1,66.67%,0.5,8.54,18.5,12.4,3,10,8.65,12.58,0.25,36.97
SG,Klay Thompson,16.3,2.3,2.3,0.7,0.4,5.9,7.3,81.56%,1.7,2.1,79.84%,4.2,5.2,82.27%,0.2,12.96,8.44,6.69,4.53,3.77,11.44,5.32,20.77,36.96
C,Bam Adebayo,7.9,7.1,3.8,0.4,2.2,3.2,3.8,84.06%,2.4,2.7,88.89%,0.8,1.1,76.32%,0.7,7.21,17.75,15.2,4,11,6.15,6.67,5.81,36.9
SF,Trevor Ariza,14.2,2.1,2.9,0.7,0.4,5.2,6,87.22%,1.6,1.8,87.14%,3.6,4.1,87.26%,0.2,12.06,6.84,9.41,5.13,2.76,10.02,4.37,22.47,36.53
PF,Danny Ferry,12.6,4.2,3.3,0.4,0.9,4.8,6.1,78.71%,2.5,2.8,89.29%,2.3,3.3,69.72%,0.5,10.09,12.08,11.96,3.5,5.63,9.23,6.98,13.36,36.41
PG,Mike Conley,10.2,1.4,8.4,2.5,0.1,4,4.7,83.85%,2.4,2.6,92.31%,1.6,2.1,75.00%,0.6,8.91,5.6,21,12.5,1,7.69,8.65,7.14,36.25
PF,Thaddeus Young,11,3.7,2.8,0.5,1.3,4.4,5.1,86.80%,2.2,2.4,90.43%,2.2,2.6,83.50%,0.2,9.3,10.69,10.04,4.49,8.01,8.43,6.16,15.34,36.23
C,Shawn Bradley,7.9,7.4,3.2,0.2,2.6,3.5,3.9,89.22%,2.9,3,94.94%,0.6,0.9,69.57%,0.3,7.08,18.46,12.92,1.54,12.88,6.73,8.56,4.08,36.13
SG,Desmond Mason,15,2.3,2.4,0.5,0.5,5.7,6.6,87.29%,2.8,3.3,86.32%,2.9,3.3,88.24%,0.5,13.15,8.36,6.87,3.13,4.38,11,9.46,15.32,35.83
SF,Jerami Grant,12.8,3.4,2.7,0.5,0.8,5.3,6.2,85.13%,3.2,3.3,96.97%,2.1,2.9,73.65%,0.4,10.9,11.05,8.78,3.75,6,10.19,9.7,11.05,35.7
SG,Zach Lavine,15,1.8,2.9,1.1,0.2,5.9,6.7,86.90%,2.8,3,93.02%,3.1,3.7,81.99%,0.5,13.01,6.41,8.36,7.12,2.03,11.27,8.11,14.98,35.65
PG,Lonzo Ball,7.7,2.7,6.7,2.8,0.5,2.9,3.4,85.64%,1.1,1.2,90.48%,1.8,2.2,83.05%,0.2,6.48,10.94,16.79,13.96,4.91,5.62,3.04,9.14,35.44
SG,Michael Redd,15.6,1,2.3,0.3,0.4,6.5,7.1,90.85%,3.5,3.3,106.06%,3,3.8,77.63%,0.7,14.4,3.63,6.61,1.88,3.5,12.5,14.5,13.86,35.44
C,Alonzo Mourning ,9.9,6.8,2.8,0.2,2.1,3.9,4.5,88.44%,3.5,3.7,95.90%,0.4,0.8,52.00%,0.8,9.37,16.97,11.03,2.12,10.61,7.58,10.63,1.95,35.13
PG,Steve Nash,8.2,1.3,8.5,3.4,0.1,3.2,3.6,87.39%,1.5,1.6,92.45%,1.7,2,83.33%,0.1,6.97,5.33,21.21,16.97,0.91,6.06,4.29,8.27,35.01
C,Bob McAdoo,9.5,5.6,3.8,0.3,1.5,4.4,5.2,84.72%,3.9,4.4,89.64%,0.5,0.8,58.33%,0.5,8.23,13.92,15,3.18,7.5,8.48,11.01,2.65,34.99
PF,Kenyon Martin,12.8,3.9,3.6,0.3,0.5,5.5,7,83.33%,4.4,5.7,77.52%,1.1,1.4,82.61%,0.6,10.95,11.21,13.05,2.63,3.13,10.58,10.61,7.71,34.93
SG,Jerry Sloan,13.7,2,4.3,0.6,0.7,5.2,7,74.19%,2.3,3.4,68.92%,2.9,3.7,79.01%,0.4,10.17,7.41,12.41,3.69,5.97,10.05,6.24,13.68,34.82
SG,Manu Ginobili,12.7,2.2,3.4,1.6,0.1,4.8,5.5,86.34%,2.5,2.7,92.59%,2.3,2.8,81.03%,0.8,11.46,7.98,9.78,10,0.88,9.23,9.04,11.09,34.73
PG,Dejounte Murray,8.5,1.77,6.23,3.3,0.17,3.63,3.9,93.16%,2.3,2.37,97.18%,1.33,1.53,86.96%,0.13,7.72,7.07,15.58,16.5,1.67,6.99,6.99,6.9,34.71
SG,Corey Kispert,13.4,2.5,3,1.1,0.3,5,6,83.42%,1.9,2.2,86.36%,3.1,3.8,81.60%,0.2,10.92,9.06,8.63,6.88,2.63,9.62,6.41,15.06,34.59
PF,Raef Lafrentz,9.9,6.5,2.9,0.1,1.2,4.4,5,83.02%,3.8,4.3,88.37%,0.6,0.7,85.71%,0.3,8.26,18.69,10.51,0.88,7.5,8.46,10.49,4.29,34.54
PF,Shawn Marion,10.3,5,2.6,0.3,1,4.7,5,90.97%,3.7,3.8,98.68%,1,1.2,79.41%,0.3,9.3,14.38,9.43,2.63,6.25,9.04,11.53,6.35,34.45
C,Ben Wallace,10.5,5.1,2.4,0.4,1.1,4.5,4.6,97.17%,3.9,4,97.50%,0.6,0.6,92.86%,1,10.99,12.75,9.6,4,5.5,8.65,11.88,5.31,34.34
SF,Josh Smith,13,4,3,0.4,0.7,5,6.5,77.33%,3.2,3.8,84.09%,1.8,2.7,67.74%,0.9,10.68,13,9.75,3.26,4.89,9.7,8.45,8.84,34.29
PG,Deron Williams,8.5,1.7,6.5,3,0.4,3.2,3.9,82.09%,1.5,1.6,93.75%,1.7,2.3,74.36%,0.4,7.16,6.8,16.25,15,4,6.15,5.49,7.52,34.19
PF,Hedo Turkoglu,8.7,2.8,4,1.6,0.6,3.4,4.4,77.87%,1.7,1.9,89.47%,1.7,2.5,68.57%,0.3,6.84,8.05,14.5,14,3.75,6.54,4.75,9.71,34.07
SF,Matisse Thybulle,8.3,3,2.7,1.2,1.5,3.2,3.5,89.66%,1.2,1.4,91.11%,1.9,2.2,88.73%,0.1,7.15,9.75,8.77,9.32,11.14,6.06,3.54,12.1,33.91
SG,Gerald Green,16,1.3,2,1,0.4,5.8,7.4,79.10%,2.3,3.2,71.88%,3.5,4.2,82.86%,0.5,12.7,4.71,5.75,6.25,3.5,11.15,6.46,17.26,33.89
SF,Andre Iguodala ,12.5,2.7,3,0.5,0.7,4.9,5.9,83.10%,2.8,3.3,83.19%,2.2,2.6,82.98%,0.5,10.52,8.76,9.84,3.54,5.42,9.46,7.15,12.84,33.76
C,Willis Reed,11.6,5,2.3,0.5,1.1,5.3,6.4,79.10%,4.8,5.5,87.59%,0.5,0.9,54.55%,0.3,9.17,12.5,9.2,5,5.5,10.19,13.14,2.6,33.65
SF,Caron Butler,13,2.6,3,0.7,0.3,5,6.1,82.64%,2.4,2.9,82.76%,2.6,3.2,80.95%,0.3,10.63,8.45,9.75,5.25,2.25,9.62,6.21,15.03,33.59
SG,Kevin Porter Jr.,12,1.9,4.6,1.2,0.4,4.5,6,79.43%,1.8,2.7,67.91%,2.7,3.3,80.58%,0.3,9.47,6.89,13.23,7.5,3.5,8.65,4.83,12.85,33.46
PF,Davis Bertans,10,3.9,2.8,0.3,1.1,3.8,4.1,91.38%,1.9,2,96.43%,1.9,2.1,86.67%,0.4,9.17,11.19,10.1,2.81,7.14,7.28,5.81,13.41,33.46
PF,Sekou Doumbouya,10.4,4.6,2.1,0.3,1.2,4.1,4.7,87.66%,2.2,2.3,95.65%,1.9,2.4,78.75%,0.2,8.95,13.23,7.61,2.63,7.5,7.88,6.58,12.47,33.42
SF,Khris Middleton,13.6,2.5,1.9,0.7,0.2,4.9,5.7,85.60%,1.3,1.4,92.19%,3.6,4.3,83.42%,0.3,11.46,8.23,6.07,5,1.5,9.4,3.78,21.32,33.38
C,Wes Unseld,6.9,2.2,3.6,2.3,0.1,2.8,4,74.29%,1.5,2.4,63.18%,1.3,1.6,80.00%,0.1,5.03,5.5,14.4,23,0.5,5.38,2.98,9.83,33.31
C,Nate Thurmond,9.1,5.7,2.3,0.8,1.4,4.2,4.9,84.97%,4,4.6,87.58%,0.2,0.3,50.00%,0.6,8.08,14.29,9.03,8.29,7,8.08,11.03,0.82,33.3
PF,Jaren Jackson Jr.,9.8,5.9,2.9,0.1,1.5,4.1,5,81.03%,3.4,3.9,87.18%,0.7,1.1,57.69%,0.6,8.33,16.96,10.51,0.88,9.38,7.88,9.26,3.37,33.28
PF,Antoine Walker,12.8,3.1,2.4,0.2,0.6,5.1,5.9,86.09%,2.6,2.8,92.86%,2.5,3.1,80.83%,0.2,10.76,10.08,7.8,1.5,4.5,9.81,7.54,14.43,33.21
C,James Wiseman,9.3,5.8,2.6,0.4,2.1,3.9,5.1,77.32%,3.4,4.4,77.25%,0.6,0.7,77.78%,0.3,7.23,14.47,10.42,3.68,10.39,7.59,8.19,4.09,33.04
SF,Chris Mullin,12.6,2.5,2.5,0.3,0.4,4.7,5.2,89.53%,1.6,1.7,94.12%,3.1,3.5,88.70%,0.3,11.14,8.13,8.13,2.25,3,9.04,4.71,19.64,33.01
SF,R.J Barrett,11.7,1.7,3,1,0.3,4.7,5.4,86.29%,2,2,100.00%,2.7,3.4,80.77%,0.4,10.13,5.53,9.75,7.5,2.25,9.04,6.25,15.58,33.01
C,Bill Russell,9.7,5.6,2.7,0.3,1.4,4.3,5,93.27%,4,4.5,88.76%,0.4,0.6,63.63%,0.7,9.55,14,10.8,3,7,8.27,10.96,2.12,32.85
C,Bob Pettit,10.6,4.6,2.6,0.3,0.9,4.4,5.1,87.01%,3.1,3.4,91.18%,1.3,1.7,77.05%,0.4,9.33,11.5,10.4,3,4.5,8.46,8.83,9.54,32.78
PG,Monta Ellis,10.4,1.8,3.7,1.9,0.4,3.8,4.6,83.13%,1.3,1.4,88.46%,2.6,3.2,80.70%,0.3,8.63,6.44,10.7,12.15,3.4,7.37,4.42,12.28,32.7
PG,Michael Carter-Williams,6.8,2,6.5,3.4,0.4,2.6,3.3,78.95%,1.2,1.3,93.33%,1.4,2,69.57%,0.3,5.52,8,16.2,16.96,4.35,5.02,3.55,5.76,32.68
PG,Deon Hardaway,9,2,4.4,2.4,0.5,3.5,4,82.52%,1.9,1.9,100.00%,1.6,2.1,76.00%,0.7,7.94,8,11,12,5,6.73,7.5,7.15,32.66
C,Robin Lopez,7,6.6,3.2,0.4,2,3.3,3.8,86.73%,3.1,3.3,94.12%,0.2,0.5,38.46%,0.3,6.18,16.54,12.62,3.85,10,6.29,9.05,0.7,32.61
SF,Thurl Bailey,11.4,4.2,2.5,0.6,0.8,4.5,5.6,79.46%,3.1,3.4,91.18%,1.4,2.2,61.36%,0.3,9.02,12.08,9.06,5.25,5,8.65,8.83,7.16,32.53
SF,Cedric Maxwell,12.6,2.9,2.7,0.7,0.2,4.9,5.8,85.00%,2.8,3,93.33%,2.1,2.8,76.74%,0.4,10.72,9.43,8.78,5.25,1.5,9.42,8.17,11.51,32.39
C,Bryant Reeves,9.2,5.8,2.1,0.3,2.1,4.1,4.9,82.14%,3.8,4,95.00%,0.3,0.9,33.33%,0.6,7.96,14.5,8.4,3,10.5,7.88,11.28,0.95,32.24
SG,Eric Gordon,10.4,1.8,3.5,1.9,0.4,3.8,4.7,81.36%,1.3,1.5,86.67%,2.5,3.2,79.75%,0.2,8.32,6.53,10.06,11.88,3.5,7.31,4.4,11.87,31.93
SG,Kyle Korver,13.5,1.7,2.6,0.9,0.3,4.8,5.7,84.30%,1.2,1.1,109.09%,3.6,4.6,77.65%,0.1,10.98,6.16,7.48,5.63,2.63,9.23,5.11,16.64,31.93
SF,Harrison Barnes,10.8,2.8,2.9,0.3,1,4.1,4.9,83.93%,1.6,1.8,87.80%,2.5,3.1,81.69%,0.1,8.83,9.04,9.33,2.28,7.5,7.86,4.29,14.71,31.93
C,Christian Wood,11.2,5,1.7,0.3,1.4,4.5,5.9,76.11%,3.1,4,77.50%,1.4,1.9,72.22%,0.3,8.51,12.5,6.8,3,7,8.65,7.51,9.63,31.8
SG,Alex Caruso,9.3,2,4.1,2.2,0.2,3.6,4.3,84.03%,1.7,2,87.27%,1.9,2.3,81.25%,0.2,7.71,7.25,11.91,13.84,1.88,6.87,4.68,8.98,31.56
PF,Miles Bridges,10.7,3,2.3,0.5,0.6,4.1,4.8,86.13%,1.8,2,91.67%,2.3,2.8,82.18%,0.1,8.93,8.55,8.46,4.13,3.99,7.96,5.25,15.79,31.53
PF,Juwan Howard,11.6,2.6,1.9,0.4,0.8,4.7,5.4,87.42%,2.7,2.9,93.10%,2,2.5,80.28%,0.1,9.8,7.48,6.89,3.5,5,9.04,7.86,13.38,31.47
C,Greg Oden,7,6.1,2.8,0.3,2,3.2,3.8,84.76%,2.8,3,93.33%,0.4,0.8,54.55%,0.2,5.91,15.25,11.2,3,10,6.15,8.17,2.08,30.88
PF,Rui Hachimura,9.8,4.1,3.2,0.2,0.8,3.6,4.2,84.89%,1.9,2,95.00%,1.7,2.2,80.28%,0.2,8.19,13.33,10.4,1.5,6,6.92,5.64,9.75,30.86
PG,Davion Mitchell,8.3,2,5.1,2.2,0.3,3.1,3.6,86.76%,1.2,1.3,92.31%,1.9,2.3,82.56%,0.3,7.25,8,12.75,11,3,5.96,4.33,9.34,30.81
PF,Thon Maker,13,5.1,2.4,0.3,1,3.7,5.3,69.70%,2.3,2.9,79.31%,1.4,2.4,59.02%,0.6,9.4,14.66,8.7,2.63,6.25,7.12,5.7,6.89,30.67
SG,Alec Burks,13.5,1.7,2.5,0.5,0.3,4.8,5.4,89.23%,1.6,1.8,87.69%,3.3,3.6,90.00%,0.2,11.74,6.04,7.11,2.95,2.19,9.29,4.34,17.41,30.54
PF,Brian Scalabrine,9.8,3.1,2.3,0.5,0.7,3.8,4.3,88.24%,1.5,1.6,93.75%,2.3,2.7,86.67%,0.2,8.5,10.08,7.48,3.75,5.25,7.31,4.39,14.24,30.5
SF,Michael Porter Jr.,10.3,3.3,2.4,0.4,0.6,4.1,4.7,87.23%,2.1,2.3,92.22%,2,2.5,82.65%,0.3,8.92,10.81,7.88,3.19,4.31,7.88,5.98,11.96,30.46
SG,Bogdan Bogdanovic,10.8,1.8,3.4,0.8,0.8,3.9,4.9,79.75%,1,1.1,91.43%,3,3.9,76.56%,0.2,8.38,6.7,9.84,4.73,6.89,7.58,2.77,13.53,30.22
SF,Lamar Odom,11.9,2.7,2,0.5,0.8,4.5,6,76.14%,2.4,3.5,68.84%,2.1,2.5,83.78%,0.4,9.12,8.78,6.5,3.75,6,8.65,5.23,12.39,30.21
PF,Domantas Sabonis,7.9,5.5,2.9,0.3,1.6,3.1,3.7,83.33%,2.4,2.4,100.00%,0.7,1.3,52.17%,0.5,6.91,13.75,11.6,3,8,5.96,7.5,3.48,30.1
PF,Larry Johnson,9.4,3.8,1.7,0.4,1,4.1,4.3,94.78%,3.2,3.3,97.06%,0.9,1,87.50%,0.4,8.94,10.94,6.31,3.39,6.45,7.88,9.69,6.59,30.1
C,Mitchell Robinson,6.5,6.5,2.6,0.1,2.4,3,3.3,89.91%,2.9,3.2,92.38%,0,0.1,25.00%,0.5,6.17,16.29,10.42,1.21,11.82,5.71,8.49,0.07,30.09
SG,Ray Allen,13.8,1.9,2.1,0.4,0.3,4.8,5.8,83.16%,1.4,1.6,86.90%,3.4,4.2,81.69%,0.2,11.13,7.04,5.92,2.57,2.75,9.31,4.86,16.59,30.09
PG,Baron Davis,10.4,1.9,4,1.8,0.1,3.9,4.7,82.57%,1.7,1.8,94.44%,2.2,2.9,76.12%,0.3,8.57,7.6,10,9,1,7.5,6.27,9.97,29.95
PF,Kenny Walker,9.4,3.3,3,0.3,0.9,3.6,4.3,84.87%,1.8,1.9,98.08%,1.8,2.4,74.63%,0.4,8.17,9.34,10.88,2.19,5.58,6.94,5.58,11.11,29.89
PG,Kyle Lowry,7.8,1.5,4.9,3,0.1,2.9,3.4,85.71%,1,1.1,90.91%,1.9,2.3,83.12%,0.1,6.5,6,12.25,15,1,5.58,3.55,9.4,29.64
C,Christian Laettner,7.3,4.9,2.8,0.2,1.8,3.2,3.7,84.51%,2.4,2.6,92.78%,0.8,1.2,66.67%,0.2,6.22,12.3,11.16,2.11,9.08,6.07,6.87,5.01,29.41
PG,Coby White,10.2,0.9,4.1,2.4,0.3,3.8,4.7,80.56%,1.2,1.3,90.32%,2.6,3.3,76.62%,0,7.91,3.65,10.22,11.96,2.61,7.27,3.44,11.7,29.38
PG,Isaac Bonga,7.3,1.9,4.3,2,0.7,2.9,3.3,88.07%,1.7,1.8,94.83%,1.2,1.5,80.39%,0.2,6.44,7.76,10.68,9.85,7.27,5.59,4.94,5.95,29.24
PF,Larry Kenon,8.9,3.4,2.5,0.4,0.9,3.6,4.1,88.30%,2.1,2.2,94.68%,1.5,1.8,80.52%,0.2,7.72,9.79,8.98,3.33,5.36,6.91,6.27,9.91,29.13
SG,Patty Mills,9.7,0.9,3.8,1.9,0.1,3.9,5,86.32%,2.1,2.7,76.21%,1.9,2.3,80.00%,0.5,8.58,3.26,10.93,11.88,0.88,7.5,6.1,8.81,28.96
C,Sim Bhullar,7.4,5.6,2,0.3,1.7,3.2,3.5,91.30%,2.8,2.9,96.00%,0.5,0.7,70.59%,0.3,6.9,14.04,8,2.69,8.65,6.21,8.31,3.1,28.95
PG,Louie Dampier,8.2,0.9,4.7,2.7,0.3,3.1,3.7,84.30%,1,1.2,83.33%,2.1,2.5,81.93%,0,6.6,3.6,11.75,13.5,3,5.96,3.26,10.24,28.95
SG,Jerry Stackhouse,8.9,2.9,3.5,0.6,0.5,3.3,4,83.97%,1.1,1.1,94.59%,2.3,2.8,79.79%,0,7.16,10.55,10.19,3.98,4.77,6.41,3.92,10.79,28.89
PF,Danilo Gallinari,8.3,3.1,2.3,0.5,1.1,3.1,3.5,88.89%,1.5,1.6,93.18%,1.7,2,85.45%,0.1,7.13,9.04,8.42,4.06,6.7,6.04,4.26,11.95,28.8
PG,Cameron Payne,8.8,1.6,4.4,2.2,0.3,3.3,4.1,80.82%,1.4,1.7,83.33%,1.9,2.4,79.07%,0.3,7.16,6.22,11.11,11.11,2.78,6.3,3.62,8.89,28.6
PG,Sidney Moncrief,7,1.6,4.7,2.4,0.5,2.9,3.5,82.54%,1.6,1.8,88.78%,1.3,1.7,75.82%,0.3,5.9,6.3,11.71,12.04,5.19,5.56,4.47,5.77,28.46
SG,Felipe Lopez,11,1.5,2.3,1,0.3,4,4.5,89.60%,1.2,1.3,97.14%,2.8,3.2,86.67%,0.2,9.6,5.31,6.67,6.25,2.19,7.69,4.61,14.37,28.34
C,Tristan Thompson,6.1,5.6,2,0.2,2.6,2.8,3.3,85.33%,2.5,2.6,96.61%,0.3,0.7,43.75%,0.3,5.32,14.02,8,2.17,12.83,5.35,7.48,1.27,28.22
SG,Keldon Johnson,11.9,2.4,1.9,0.5,0.3,4.2,4.9,84.66%,1.6,1.8,91.53%,2.5,3.2,80.77%,0.4,10.11,8.68,5.49,2.84,2.65,8.04,5.85,12.24,27.95
C,Jonas Valanciunas,5.5,5.4,2.6,0.2,2.3,2.2,2.8,80.85%,1.4,1.7,82.35%,0.8,1.1,68.42%,0.6,4.99,13.5,10.4,2,11.5,4.23,3.6,5.21,27.72
C,Nikola Vucevic,7.3,5.8,2.1,0.2,1.8,3,3.9,76.92%,2.2,2.6,84.31%,0.9,1.4,62.96%,0.5,5.98,14.38,8.2,1.5,8.75,5.77,5.66,5.1,27.67
SF,Bojan Bogdanovic,10.9,2.1,2.2,0.4,0.4,4,4.7,85.31%,1.8,2,88.31%,2.2,2.6,83.00%,0.2,9.14,6.76,7.1,3.36,3.36,7.64,4.94,12.95,27.62
PG,Markelle Fultz,9.2,1.8,4.1,1.5,0.3,3,3.4,88.70%,1,1,97.06%,2,2.4,85.19%,0.3,8.2,7.06,10.37,7.35,3.24,5.77,2.94,10.29,27.61
SG,Mitch Ritchmond,10.6,1.8,3.1,0.8,0.3,4.1,5,80.66%,1.6,1.8,92.19%,2.4,3.3,74.36%,0.1,8.29,6.65,8.86,5.21,2.92,7.8,4.72,10.7,27.57
PF,Hot Rod Williams,6,4.3,3.1,0.1,1.8,2.7,2.9,90.79%,2.4,2.6,94.03%,0.2,0.3,66.67%,0.7,6.03,12.38,11.15,1.01,11.06,5.1,7.12,1.28,27.57
SF,Jalen Rose,10.3,1.5,2.3,0.8,0.5,4.1,4.7,87.14%,2.4,2.6,93.51%,1.7,2.1,79.37%,0.4,9.02,4.98,7.58,5.75,3.5,7.82,7.01,9.45,27.56
C,Kevin Love,7.8,3.8,2,0.4,1.3,3.1,3.7,83.56%,1.7,1.8,94.52%,1.3,1.8,72.60%,0.4,6.62,9.5,7.9,4.25,6.63,5.87,5.1,9.16,27.51
C,Boban Marjanovic,5.8,6.3,1.9,0.1,2.5,2.6,3.3,79.12%,2.1,2.4,86.76%,0.5,0.8,56.52%,0.1,4.52,15.71,7.43,1.43,12.5,4.95,5.71,2.5,27.37
SF,Gerald Wilkins,10.4,2.2,2.4,0.6,0.3,4.3,5.2,82.35%,2.7,3.2,83.20%,1.6,2,81.01%,0.4,8.69,7.08,7.83,4.42,1.92,8.28,6.93,9.5,27.33
PG,Facundo Alvarado,6,1.3,5.3,2.9,0.4,2.4,3,79.63%,1.2,1.5,81.48%,1.2,1.5,77.78%,0.1,4.63,5.33,13.19,14.44,3.89,4.59,3.11,5.4,27.3
C,Manute Bol,7.2,4.4,2.3,0.5,1.6,2.9,4,76.92%,2.3,3.2,71.30%,0.6,0.8,76.92%,0.8,6.28,11,9.2,5,8,5.58,5.15,4.32,27.27
PF,Zach Randolph,8.5,4.5,2.4,0.4,0.7,3.7,5,74.00%,3.1,3.5,88.57%,0.6,1.5,40.00%,0.5,6.63,12.94,8.7,3.5,4.38,7.12,8.58,2,26.92
C,Moses Brown,6.3,5.7,1.8,0.1,2.2,2.8,3.2,87.67%,2.5,2.8,89.23%,0.3,0.3,75.00%,0.3,5.56,14.35,7.13,1.3,11.09,5.35,7.03,1.86,26.84
SG,Moses Moody,11.3,2.2,2.2,0.5,0.1,4.3,5.1,85.04%,2,2.3,86.96%,2.3,2.8,80.28%,0.1,9.29,7.98,6.33,3.13,0.88,8.27,6.79,10.99,26.82
PG,Theo Maledon,6.7,1.7,4.1,2.2,0.3,2.6,2.8,90.54%,1,1.2,87.10%,1.5,1.7,93.02%,0,5.75,6.62,10.19,11.15,3.46,4.96,2.83,8.52,26.74
SG,Josh Richardson,11.7,1.3,2.1,0.5,0.5,4.3,5.3,81.01%,1.3,1.3,97.44%,3,4,75.63%,0.1,9.21,4.71,6.13,3.33,4.38,8.21,3.86,13.51,26.67
PF,Dennis Rodman,4,8.4,2.7,0.2,0.9,1.7,2.2,77.38%,1.6,1.9,86.11%,0.1,0.3,25.00%,0.5,3.58,24.21,9.92,1.84,5.76,3.29,4.39,0.16,26.58
PF,Charles Oakley,5.8,4.9,1.8,0.3,1.8,2.7,3,89.86%,2.5,2.7,92.59%,0.2,0.3,57.14%,0.2,5.22,14.09,6.53,2.63,11.25,5.19,7.23,0.95,26.54
PF,Elvin Hayes,7.3,4.9,2.4,0.4,0.8,3.5,4.8,72.81%,3.1,3.9,78.72%,0.4,0.8,45.00%,1,6.32,14.02,8.76,3.28,4.95,6.65,7.59,1.41,26.48
SG,Miles Bridges,10.8,1.6,2.4,0.8,0.2,4.2,4.8,86.21%,2.2,2.4,90.91%,1.9,2.4,81.40%,0.4,9.35,5.64,7.03,5.21,1.94,8.01,6.31,9.42,26.46
SG,Anferee Simons,12.3,1,1.5,0.7,0.2,4.3,5,82.59%,0.8,0.5,169.39%,3.5,4.5,76.80%,0.2,9.96,4,3.75,3.5,2,8.27,5.49,15.86,26.41
SF,Xavier McDaniel,8.7,2.9,2.3,0.4,0.8,3.6,4.3,84.97%,2.6,3,86.67%,1,1.3,76.09%,0.3,7.43,9.43,7.48,3,6,6.92,7.04,5.44,26.36
PG,Facundo Campazzo,8.3,1.4,4.6,2,0.3,3.2,5,66.42%,1.6,2.8,55.32%,1.6,2.2,75.41%,0.3,5.62,5.6,11.5,10,3,6.15,3.37,7.36,26.3
PF,Richard Dumas,9.2,1.9,1.8,0.5,0.5,3.7,4.2,87.05%,2,2.2,90.41%,1.7,2,83.33%,0.2,7.98,5.49,6.37,4.77,3.22,7.05,5.65,11.57,26.05
SF,Desmond Bane,10.2,2.2,1.7,0.7,0.3,3.9,5,78.95%,1.6,1.7,92.31%,2.3,3.3,72.00%,0,7.72,7.21,5.51,5.54,1.96,7.53,4.52,12.07,26.03
SF,Andrew Wiggins,10.3,2,2.3,0.3,0.3,3.9,4.4,88.24%,1.9,2,95.00%,2,2.4,80.36%,0.1,8.8,6.5,7.48,2.25,2.25,7.5,5.64,11.48,25.95
PG,Nico Mannion,5.7,1,4.2,3.1,0.2,2.3,2.6,87.69%,0.8,0.8,100.00%,1.5,1.8,82.61%,0,4.77,4,10.5,15.5,2,4.42,3.13,7.38,25.85
SG,Demar DeRozan,9.7,2.3,2.5,1,0.1,3.3,4,85.96%,1.3,1.7,75.14%,2,2.3,88.10%,0.3,8.37,8.34,7.19,6.25,0.88,6.35,3.82,10.49,25.83
SG,Danny Green,9.1,1.1,2.6,1,0.5,3.3,3.7,89.93%,0.7,0.8,96.55%,2.6,2.9,88.18%,0,7.87,3.82,7.34,6.09,4.61,6.33,2.22,13.4,25.83
PG,Tyler Herro,7.9,1.8,3.2,1.5,0.6,2.9,3.7,79.28%,0.9,1.1,82.35%,2,2.6,77.92%,0,5.98,7.07,7.92,7.5,5.67,5.64,2.4,9.28,25.72
C,Artis Gilmore,4,6,2.1,0.3,2.3,1.9,2,95.56%,1.9,2,95.00%,0,0,0.00%,0.3,4.02,15,8.4,3,11.5,3.65,5.64,0,25.61
SG,David Thompson,9.1,1.7,2.3,0.8,0.3,3.9,4.6,85.71%,2.5,2.7,92.59%,1.4,1.9,71.05%,0.5,8.07,6.16,6.61,5,2.63,7.5,9.04,5.92,25.47
SF,Dorian Finney Smith,8.3,2.9,2.4,0.2,0.7,3.2,3.8,85.83%,1.6,1.7,92.73%,1.6,2,80.00%,0.1,6.87,9.45,7.72,1.41,5.39,6.19,4.62,9.29,25.46
SG,Bevin Dooker,9.3,1.9,3.3,0.9,0.2,3.4,4.5,76.70%,1.3,1.5,86.67%,2.1,3,72.06%,0.2,7.06,6.89,9.49,5.63,1.75,6.54,4.4,9.01,25.38
SG,Nassir Little,8.8,1.9,2.3,1.1,0.3,3.7,4,90.83%,2.6,2.6,97.18%,1.1,1.4,78.95%,0.2,7.89,6.98,6.5,6.94,2.27,7.05,7.76,5.22,25.3
PG,Devonte Graham,9.5,0.7,3.7,1.8,0,3.5,4.2,83.65%,1.2,1.4,88.24%,2.3,2.8,81.43%,0.3,7.92,2.88,9.2,9,0.4,6.69,3.31,11.05,25.22
PF,Chris Webber,7.2,2.3,3.3,0.9,0.5,2.9,4,75.68%,2.3,3.2,71.03%,0.6,0.8,78.26%,0.8,6.19,6.61,11.96,7.88,3.13,5.58,5.06,4.04,25.22
C,Enes Kanter,6.2,5,2.3,0.2,1.5,2.7,3.1,86.79%,2.6,3,86.67%,0.1,0.1,100.00%,0.7,6.01,12.5,9.2,2,7.5,5.19,7.04,0.95,25.2
SF,Barry Lird,9.5,1.7,2.2,0.2,0.6,3.5,4,81.40%,1.3,1.2,108.33%,2.2,2.8,78.57%,0.7,8.22,5.53,7.15,1.5,4.5,6.73,4.4,12.35,25.18
PG,R.J Hampton,5.4,1.5,4.3,2.4,0.4,2.1,2.5,85.71%,0.9,1,96.30%,1.2,1.5,79.07%,0.2,4.6,5.86,10.8,11.79,3.93,4.12,3.49,5.72,25.15
PF,Billy Cunningham,9,3,3,0.1,0.5,3.3,4.2,78.85%,1.8,2,88.24%,1.5,2.1,69.81%,0.1,6.95,8.74,11.02,0.7,3,6.31,4.96,8.61,25.15
SG,Terrence Ross,11.1,0.7,2.4,0.8,0.1,4.1,5,85.48%,1.7,1.6,106.17%,2.4,3.4,70.45%,0.5,9.73,2.54,6.9,5,0.88,7.88,7.13,9.98,25.02
PF,Kyle Kuzma,9.4,3,2.4,0.3,0.5,3.8,5,75.58%,2.8,3.7,76.71%,1,1.4,73.91%,0,6.78,8.63,8.7,2.63,3.13,7.31,6.71,6.16,25.02
C,Hassan Whiteside,4.8,5.1,1.4,0.2,3.1,2,2.5,80.00%,1.8,2,87.50%,0.3,0.5,50.00%,0.6,4.35,12.63,5.6,2,15.5,3.85,4.79,1.19,24.95
SG,JJ Redick,10.7,1.6,2,0.3,0.2,3.8,4.5,85.23%,0.9,1,90.63%,3,3.5,83.76%,0,8.68,5.93,5.66,2.08,2.12,7.4,3.11,14.81,24.9
SF,Kelly Oubre Jr.,9.4,2.1,1.9,0.8,0.2,3.8,4.8,78.38%,1.9,1.9,100.00%,1.9,2.9,64.18%,0.2,7.28,6.83,6.18,6,1.5,7.31,5.94,8.71,24.87
PF,Eric Paschall,6.3,2.7,2.8,0.4,0.9,2.5,2.7,90.48%,1.2,1.2,100.00%,1.3,1.5,83.33%,0.1,5.48,7.7,10.29,3.1,5.85,4.71,3.63,8.96,24.86
C,JaVale McGee,4.5,6.1,2.3,0.3,1.8,1.9,2.2,85.25%,1.8,1.9,92.59%,0.1,0.3,28.57%,0.4,4.12,15.36,9.14,3.21,8.75,3.57,5.17,0.19,24.76
SG,Victor Oladipo,9,1.7,2.2,0.7,0.4,3.6,4.3,83.85%,1.9,2,95.00%,1.7,2.3,76.47%,0.1,7.33,6.16,6.33,4.38,3.5,6.92,7.05,7.74,24.7
SG,Nick Anderson,9.8,1.3,2.4,0.5,0.3,3.6,4.1,89.34%,1.4,1.5,93.33%,2.2,2.6,85.90%,0.3,8.73,4.71,6.9,3.13,2.63,6.92,5.1,11.25,24.68
SG,Keon Johnson,8.6,2.2,2.8,0.9,0.2,3.4,4.5,75.68%,1.6,1.9,84.21%,1.8,2.6,70.59%,0.3,6.59,7.98,8.05,5.63,1.75,6.54,5.26,7.56,24.68
SG,Vince Carter,8.4,1.6,2.7,0.9,0.2,3.5,4,82.54%,2.4,2.7,89.01%,1.1,1.3,84.21%,0.4,7.12,5.8,7.76,5.63,1.75,6.73,8.45,5.36,24.3
PG,Terry Rozier,7.4,1,4.2,2.4,0.2,3,4.4,68.18%,1.5,2,75.00%,1.5,2.4,62.50%,0.2,5.06,4,10.5,12,2,5.77,3.52,5.58,24.21
PF,Obi Toppin,7.9,2.6,2.4,0.5,0.4,3.3,4.7,70.79%,1.9,2.9,65.77%,1.4,1.8,79.10%,0.3,5.73,7.57,8.59,4.14,2.8,6.38,3.95,9.19,24.17
SG,Dominique Wilkins,8.8,2,2.3,0.8,0.3,3.7,5,78.57%,2.8,3.8,72.58%,0.9,1.2,78.57%,0.5,7.22,7.25,6.61,5,2.63,7.12,7.88,4.3,24.01
SF,P.J Dozier,9.6,1.8,2.5,0.3,0.3,3.6,4.2,84.75%,1.6,1.8,88.00%,2,2.4,82.35%,0.2,8.04,6.34,7.29,1.56,2.5,6.87,5.4,9.8,23.9
PG,Collin Sexton,6.8,1.3,3.8,2.1,0.3,2.5,3.1,81.40%,0.8,0.9,92.00%,1.7,2.2,77.05%,0.1,5.33,5.29,9.46,10.36,2.5,4.81,2.36,7.7,23.9
C,Tyson Chandler,4.2,5.8,2.4,0.1,1.7,2.1,2.3,89.74%,2,2,100.00%,0.1,0.3,20.00%,0,3.6,14.5,9.6,1,8.5,4.04,6.25,0.19,23.84
PF,Jerry Lucas,7,3.4,2.9,0.2,0.6,3,3.7,79.07%,2.4,2.8,85.71%,0.6,0.9,66.67%,0.3,5.66,9.78,10.51,1.75,3.75,5.77,6.43,3.33,23.49
C,Channing Frye,5.8,4.5,2.1,0.3,1.3,2.4,3.4,70.49%,1.6,1.6,100.00%,0.8,1.8,45.45%,0.2,4.13,11.25,8.22,3.33,6.67,4.59,4.86,3.61,23.33
SF,Aaron Nesmith,8.4,1.7,2.1,0.3,0.3,3.1,3.4,92.55%,1.1,1.3,84.62%,2,2.1,91.67%,0.3,7.79,5.53,6.83,2.25,2.25,5.96,2.91,13.1,23.3
PG,Jeremy Lin,7.4,1.5,3.9,1.6,0.2,2.7,3.6,73.53%,1,1.4,73.68%,1.7,2.3,73.44%,0.4,5.61,6,9.73,8.04,2.14,5.15,2.3,7.34,23.16
PG,Cole Anthony,6.3,1.9,3.6,2,0.2,2.3,3,77.97%,0.9,1.1,80.95%,1.5,1.9,76.32%,0.1,4.77,7.6,9,9.75,2,4.42,2.15,6.59,23.14
SF,Joe Harris,10.6,1.2,1.8,0.3,0.1,3.8,6,68.18%,0.8,2.4,33.06%,3,3.6,83.72%,0.3,7.31,3.9,5.85,2.25,0.75,7.31,0.83,17.94,23.07
SF,Kevin Martin,8.9,2,1.4,0.2,0.3,3.3,3.8,88.99%,1.2,1.3,89.74%,2.1,2.4,88.57%,0.1,7.7,6.39,4.48,1.55,2.33,6.43,3.38,13.53,22.9
PG,Goran Dragic,6.1,0.7,4,2.6,0,2.3,2.6,87.21%,0.8,0.8,100.00%,1.4,1.8,81.03%,0.1,5.12,2.67,9.92,13.18,0.3,4.37,3.31,6.87,22.87
C,Ivica Zubac,5,4.6,1.7,0.6,1.2,2.4,3,78.67%,2,2.3,86.21%,0.4,0.7,52.94%,0.1,3.9,11.6,6.88,5.6,6,4.54,5.39,1.82,22.86
SG,Duncan Robinson,7.5,1.9,2.4,0.7,0.5,2.9,3.4,85.26%,1.1,1.2,96.97%,1.8,2.2,79.03%,0.1,6.26,6.73,6.88,4.24,4.06,5.56,3.46,8.23,22.72
C,Marvin Bagley III,5,5.7,1.6,0.4,1.1,2.3,3,76.67%,1.9,2.1,90.48%,0.4,0.9,44.44%,0,3.66,14.25,6.4,4,5.5,4.42,5.37,1.69,22.65
SG,Deni Avdija,7.1,1.3,2.3,1.1,0.5,2.7,3.1,84.72%,0.9,1.1,80.77%,1.7,2,86.96%,0,5.78,4.89,6.75,6.79,4.18,5.1,2.3,9,22.4
PF,Aleksej Pokusevski,5.6,3.4,3,0.1,1.1,2,2.7,74.29%,1.1,1.3,84.62%,0.9,1.4,66.67%,0.4,4.47,9.78,10.88,0.88,6.88,3.85,2.91,5,22.31
C,Alvan Adams,5.5,5,1.8,0.1,1.1,2.4,2.8,84.29%,1.8,1.9,93.62%,0.6,0.9,65.22%,0,4.46,12.4,7.36,1.2,5.6,4.54,5.15,3.73,22.22
SF,Bruce Brown,6.9,2.3,2.4,0.6,0.2,2.9,3.3,88.00%,1.9,2,95.65%,1,1.3,75.86%,0.2,5.99,7.49,7.91,4.24,1.63,5.52,5.72,5.18,21.84
SG,Bryn Forbes,7.5,0.7,2.7,1.7,0,2.6,3.2,82.54%,0.6,0.7,85.71%,2,2.5,80.00%,0,5.91,2.54,7.76,10.63,0,5,2.01,9.52,21.68
C,Jarred Vanderbilt,3.9,4.2,2.9,0.4,0.9,1.9,2.2,88.57%,1.9,2.1,90.91%,0.1,0.1,50.00%,0.1,3.35,10.47,11.75,3.75,4.38,3.73,5.33,0.3,21.52
SG,Billy Owens,6.2,1.8,3.3,0.8,0.3,2.7,4,68.60%,1.3,2.3,55.60%,1.4,1.7,83.78%,0.1,4.23,6.53,9.49,5,2.63,5.19,2.8,7.03,21.45
PF,Marcus Morris ,6.5,2.9,1.3,0.5,0.8,2.5,3.4,74.51%,1.7,1.8,92.59%,0.9,1.6,54.17%,0.4,5.15,8.43,4.83,4.67,5,4.87,4.82,3.91,20.84
SG,Sean Elliot,8.2,2.1,1.6,0.4,0.2,3.2,4.1,77.36%,1.7,1.8,94.44%,1.5,2.3,66.67%,0.4,6.55,7.61,4.6,2.5,1.75,6.15,6.27,5.95,20.7
SG,Darius Miles,7.5,1.6,2.2,0.7,0.2,3.2,3.8,85.71%,2.2,2.3,96.88%,1,1.5,68.29%,0,6.21,5.7,6.37,4.24,1.88,6.18,6.7,4.07,20.67
SG,Luguentz Dort,7.9,0.8,2.1,0.6,0.4,2.9,3.4,86.36%,0.8,0.9,88.89%,2.1,2.5,81.82%,0,6.51,2.9,6.04,3.75,3.5,5.58,2.78,10.23,20.64
SF,Kenyon Martin Jr.,6.1,2.3,1.7,0.5,0.3,2.4,2.5,94.83%,1.2,1.2,100.00%,1.2,1.3,90.32%,0,5.6,7.63,5.65,3.91,2.28,4.6,3.67,7.85,20.6
PF,Maurice Harkless,6.3,2.9,2.3,0.4,0.8,2.2,3.4,64.71%,1.2,1.7,69.23%,1,1.7,60.00%,0,3.91,8.43,8.46,3.5,5,4.23,2.6,5,20.56
PF,Georges Niang,5.7,2.4,2.6,0.1,0.5,2.1,2.5,86.49%,0.8,0.9,92.31%,1.3,1.6,83.33%,0,4.73,6.9,9.43,0.58,3.33,4.1,2.31,9.26,20.32
SF,Tony Snell,7.4,1,1.6,0.6,0.2,3,3.5,84.85%,1.1,1.1,93.75%,1.9,2.4,80.60%,0,6.06,3.13,5.11,4.55,1.61,5.77,3.14,11.1,20.24
SG,Chris Morris,6.6,1.3,2.5,0.4,0.3,2.6,2.9,89.39%,1.3,1.3,100.00%,1.3,1.6,86.11%,0.1,5.75,4.23,8.13,3,2.25,5,4.06,8,20.21
PF,Maurice Lucas,5.8,3,1.8,0.5,0.5,2.6,3.1,82.14%,2.2,2.3,92.86%,0.4,0.8,50.00%,0.3,4.95,8.63,6.44,4.38,3.13,4.91,6.29,1.62,20.17
SF,Doug McDermott,7.3,0.9,2.2,0.3,0.4,2.6,3.1,85.06%,0.9,1,92.86%,1.7,2.1,81.36%,0.1,6.06,3.02,7.08,2.41,3.21,5.08,2.69,9.96,19.76
C,Mark Eaton,3.9,6,1.4,0,1.5,1.8,2.4,75.00%,1.8,2.2,81.82%,0,0.2,0.00%,0.3,3.17,15,5.6,0,7.5,3.46,4.6,0,19.66
C,James Donaldson,5.6,4,1.5,0.2,0.6,2.7,3,84.21%,2.7,2.8,95.41%,0,0.2,0.00%,0.4,4.99,10,6,2,3,5.19,8.05,0,19.61
PF,Keith Van Horn,5.9,2.9,2.1,0.1,0.6,2.3,3,76.47%,1.3,1.3,100.00%,1,1.7,63.16%,0.3,4.68,8.34,7.61,0.88,3.75,4.42,4.06,5.26,19.5
SF,Joe Smith,4.5,2.7,2.4,0.4,0.6,1.8,2.1,86.84%,1.3,1.3,100.00%,0.6,0.8,66.67%,0.3,4.08,8.85,7.94,2.92,4.58,3.53,3.99,2.65,19.27
SF,Dean Wade,5.3,2.5,1.6,0.3,0.7,2.1,2.4,87.23%,1,1.1,90.48%,1.1,1.3,84.62%,0,4.41,7.96,5.2,2.25,5.25,3.94,2.69,6.65,19.18
SG,Dell Curry,7.5,1.3,2.4,0.3,0.2,2.7,3.4,80.39%,0.7,0.8,86.96%,2.1,2.6,78.48%,0,5.78,4.71,6.9,2.08,1.75,5.26,1.81,9.65,18.97
C,Robert Williams,5.4,3.8,1.3,0.1,1.1,2.7,3.3,82.05%,2.7,3.3,81.82%,0,0,0.00%,0.1,4.35,9.5,5.2,1,5.5,5.19,6.9,0,18.82
PF,Brandon Clarke,6.5,1.8,1.6,0.2,0.3,2.4,3,79.49%,0.7,0.8,90.00%,1.7,2.2,75.86%,0.1,5.06,5.09,5.86,2.02,1.92,4.59,1.95,10.7,18.59
SF,Bruce Bowen,4.9,1.7,2.2,0.7,0.5,1.7,2.3,75.56%,0.2,0.4,50.00%,1.5,1.9,76.32%,0,3.53,5.53,7.15,5.25,3.75,3.27,0.31,8.18,18.48
SG,Stanley Johnson,6.9,1.1,1.8,0.4,0.3,2.6,3.2,80.00%,1,1.3,77.14%,1.6,2,81.82%,0.1,5.44,3.88,5.24,2.46,2.81,4.95,2.32,7.83,17.46
SG,Eddie Johnson,7.4,0.6,1.6,0.4,0.1,2.6,3.4,76.60%,0.7,1,71.43%,1.9,2.4,78.79%,0.1,5.56,1.86,5.11,2.68,1.07,4.95,1.59,10.45,16.63
